{
  "name": "DemoLevel",
  "meshes": {
    "cube": {"path": "models/cube.obj", "debugName": "cube.obj"},
    "quad": {"path": "models/quad.obj", "debugName": "quad.obj"},
    "seahawk": {"path": "models/Seahawk.obj", "debugName": "Seahawk.obj"},
    "sphere": {"path": "models/sphere.obj", "debugName": "sphere.obj"},
    "watermelon": {"path": "models/watermelon.obj", "debugName": "watermelon.obj"}
  },
  "textures": {
    "Ship_AO": {"kind": "tex2d", "path": "textures/Intergalactic Spaceship Ao_Blender.jpg", "srgb": false, "mips": true, "flipY": false},
    "Ship_Albedo": {"kind": "tex2d", "path": "textures/Intergalactic Spaceship_color_4.jpg", "srgb": true, "mips": true, "flipY": false},
    "Ship_Emissive": {"kind": "tex2d", "path": "textures/Intergalactic Spaceship_emi.jpg", "srgb": true, "mips": true, "flipY": false},
    "Ship_Metalness": {"kind": "tex2d", "path": "textures/Intergalactic Spaceship_metalness.jpg", "srgb": false, "mips": true, "flipY": false},
    "Ship_Normal": {"kind": "tex2d", "path": "textures/Intergalactic Spaceship_nmap_2_Tris.jpg", "srgb": false, "mips": true, "flipY": false},
    "Ship_Roughness": {"kind": "tex2d", "path": "textures/Intergalactic Spaceship_rough.jpg", "srgb": false, "mips": true, "flipY": false},
    "Skybox": {"kind": "cube", "source": "cross", "cross": "textures/skybox/Cubemap_Sky_03-512x512.png", "srgb": true, "mips": true, "flipY": false},
    "brick": {"kind": "tex2d", "path": "textures/brick.png", "srgb": true, "mips": true, "flipY": false},
    "watermelon_albedo": {"kind": "tex2d", "path": "textures/watermelon_albedo.jpg", "srgb": true, "mips": true, "flipY": false},
    "watermelon_normal": {"kind": "tex2d", "path": "textures/watermelon_normal.jpg", "srgb": true, "mips": true, "flipY": false},
    "watermelon_roughness": {"kind": "tex2d", "path": "textures/watermelon_roughness.jpg", "srgb": true, "mips": true, "flipY": false}
  },
  "materials": {
    "cube": {"baseColor": [1.000000,1.000000,1.000000,1.000000], "shininess": 64.000000, "specStrength": 0.500000, "shadowBias": 0.001500, "metallic": 0.000000, "roughness": 0.750000, "ao": 1.000000, "emissiveStrength": 1.000000, "flags": ["useShadow"], "textures": {
      "albedo": "brick"
    }},
    "glass": {"baseColor": [0.200000,0.600000,1.000000,0.350000], "shininess": 128.000000, "specStrength": 0.900000, "shadowBias": 0.000000, "metallic": 0.000000, "roughness": 0.080000, "ao": 1.000000, "emissiveStrength": 1.000000, "flags": ["useShadow", "transparent"], "textures": {}},
    "ground": {"baseColor": [0.800000,0.800000,0.800000,1.000000], "shininess": 16.000000, "specStrength": 0.500000, "shadowBias": 0.000000, "metallic": 0.000000, "roughness": 0.900000, "ao": 1.000000, "emissiveStrength": 1.000000, "flags": ["useShadow"], "textures": {}},
    "mirror": {"envSource": "reflectionCapture", "baseColor": [1.000000,1.000000,1.000000,1.000000], "shininess": 256.000000, "specStrength": 1.000000, "shadowBias": 0.000000, "metallic": 1.000000, "roughness": 0.020000, "ao": 1.000000, "emissiveStrength": 1.000000, "flags": ["useShadow"], "textures": {}},
    "ship": {"baseColor": [1.000000,1.000000,1.000000,1.000000], "shininess": 64.000000, "specStrength": 0.500000, "shadowBias": 0.001500, "metallic": 1.000000, "roughness": 1.000000, "ao": 1.000000, "emissiveStrength": 1.000000, "flags": ["useShadow"], "textures": {
      "albedo": "Ship_Albedo",
      "ao": "Ship_AO",
      "emissive": "Ship_Emissive",
      "metalness": "Ship_Metalness",
      "normal": "Ship_Normal",
      "roughness": "Ship_Roughness"
    }},
    "watermelon": {"baseColor": [1.000000,1.000000,1.000000,1.000000], "shininess": 64.000000, "specStrength": 0.500000, "shadowBias": 0.000000, "metallic": 0.000000, "roughness": 0.900000, "ao": 1.000000, "emissiveStrength": 1.000000, "flags": ["useShadow"], "textures": {
      "albedo": "watermelon_albedo",
      "normal": "watermelon_normal",
      "roughness": "watermelon_roughness"
    }}
  },
  "camera": {"position": [5.000000,10.000000,10.000000], "target": [4.666667,9.333333,9.333333], "up": [0.000000,1.000000,0.000000], "fovYDeg": 60.000000, "nearZ": 0.010000, "farZ": 200.000000},
  "lights": [
    {"type": "directional", "position": [0.000000,0.000000,0.000000], "direction": [-0.357771,-0.894427,-0.268328], "color": [1.000000,1.000000,1.000000], "intensity": 1.000000, "range": 10.000000, "innerHalfAngleDeg": 12.000000, "outerHalfAngleDeg": 20.000000, "attConstant": 1.000000, "attLinear": 0.120000, "attQuadratic": 0.040000},
    {"type": "point", "position": [-1.350000,7.000000,-1.350000], "direction": [0.000000,-1.000000,0.000000], "color": [1.000000,1.000000,1.000000], "intensity": 0.100000, "range": 120.000000, "innerHalfAngleDeg": 12.000000, "outerHalfAngleDeg": 20.000000, "attConstant": 1.000000, "attLinear": 0.020000, "attQuadratic": 0.004000},
    {"type": "spot", "position": [2.000000,4.000000,2.000000], "direction": [-0.371391,-0.928477,0.000000], "color": [1.000000,1.000000,1.000000], "intensity": 8.000000, "range": 100.000000, "innerHalfAngleDeg": 22.000000, "outerHalfAngleDeg": 35.000000, "attConstant": 1.000000, "attLinear": 0.090000, "attQuadratic": 0.032000}
  ],
  "skybox": "Skybox",
  "nodes": [
    {"name": "Ground", "parent": -1, "visible": true, "mesh": "quad", "material": "ground", "transform": {"position": [0.000000,-0.600000,0.000000], "rotationDegrees": [-90.000000,0.000000,0.000000], "scale": [8.000000,8.000000,8.000000]}},
    {"name": "Glass", "parent": -1, "visible": true, "mesh": "quad", "material": "glass", "transform": {"position": [0.000000,2.300000,2.600000], "rotationDegrees": [0.000000,0.000000,0.000000], "scale": [4.000000,4.000000,4.000000]}},
    {"name": "Seahawk", "parent": -1, "visible": true, "mesh": "seahawk", "material": "ship", "transform": {"position": [0.000000,1.200000,0.000000], "rotationDegrees": [0.000000,180.000000,0.000000], "scale": [0.020000,0.020000,0.020000]}},
    {"name": "MirrorSphere", "parent": -1, "visible": true, "mesh": "sphere", "material": "mirror", "transform": {"position": [0.000000,5.000000,0.000000], "rotationDegrees": [0.000000,0.000000,0.000000], "scale": [1.000000,1.000000,1.000000]}},
    {"name": "watermelon", "parent": -1, "visible": true, "mesh": "watermelon", "material": "watermelon", "transform": {"position": [0.000000,5.000000,-5.000000], "rotationDegrees": [0.000000,0.000000,0.000000], "scale": [0.010000,0.010000,0.010000]}},
    {"name": "Cube_0_0", "parent": -1, "visible": true, "mesh": "cube", "material": "watermelon", "transform": {"position": [-2.700000,2.300000,-2.700000], "rotationDegrees": [0.000000,0.000000,0.000000], "scale": [1.000000,1.000000,1.000000]}},
    {"name": "Cube_1_0", "parent": -1, "visible": true, "mesh": "cube", "material": "cube", "transform": {"position": [-1.350000,2.300000,-2.700000], "rotationDegrees": [0.000000,0.000000,0.000000], "scale": [1.000000,1.000000,1.000000]}},
    {"name": "Cube_2_0", "parent": -1, "visible": true, "mesh": "cube", "material": "cube", "transform": {"position": [0.000000,2.300000,-2.700000], "rotationDegrees": [0.000000,0.000000,0.000000], "scale": [1.000000,1.000000,1.000000]}},
    {"name": "Cube_3_0", "parent": -1, "visible": true, "mesh": "cube", "material": "cube", "transform": {"position": [1.350000,2.300000,-2.700000], "rotationDegrees": [0.000000,0.000000,0.000000], "scale": [1.000000,1.000000,1.000000]}},
    {"name": "Cube_0_1", "parent": -1, "visible": true, "mesh": "cube", "material": "cube", "transform": {"position": [-2.700000,2.300000,-1.350000], "rotationDegrees": [0.000000,0.000000,0.000000], "scale": [1.000000,1.000000,1.000000]}},
    {"name": "Cube_1_1", "parent": -1, "visible": true, "mesh": "cube", "material": "cube", "transform": {"position": [-1.350000,2.300000,-1.350000], "rotationDegrees": [0.000000,0.000000,0.000000], "scale": [1.000000,1.000000,1.000000]}},
    {"name": "Cube_2_1", "parent": -1, "visible": true, "mesh": "cube", "material": "cube", "transform": {"position": [0.000000,2.300000,-1.350000], "rotationDegrees": [0.000000,0.000000,0.000000], "scale": [1.000000,1.000000,1.000000]}},
    {"name": "Cube_3_1", "parent": -1, "visible": true, "mesh": "cube", "material": "cube", "transform": {"position": [1.350000,2.300000,-1.350000], "rotationDegrees": [0.000000,0.000000,0.000000], "scale": [1.000000,1.000000,1.000000]}},
    {"name": "Cube_0_2", "parent": -1, "visible": true, "mesh": "cube", "material": "cube", "transform": {"position": [-2.700000,2.300000,0.000000], "rotationDegrees": [0.000000,0.000000,0.000000], "scale": [1.000000,1.000000,1.000000]}},
    {"name": "Cube_1_2", "parent": -1, "visible": true, "mesh": "cube", "material": "cube", "transform": {"position": [-1.350000,2.300000,0.000000], "rotationDegrees": [0.000000,0.000000,0.000000], "scale": [1.000000,1.000000,1.000000]}},
    {"name": "Cube_2_2", "parent": -1, "visible": true, "mesh": "cube", "material": "cube", "transform": {"position": [0.000000,2.300000,0.000000], "rotationDegrees": [0.000000,0.000000,0.000000], "scale": [1.000000,1.000000,1.000000]}},
    {"name": "Cube_3_2", "parent": -1, "visible": true, "mesh": "cube", "material": "cube", "transform": {"position": [1.350000,2.300000,0.000000], "rotationDegrees": [0.000000,0.000000,0.000000], "scale": [1.000000,1.000000,1.000000]}},
    {"name": "Cube_0_3", "parent": -1, "visible": true, "mesh": "cube", "material": "cube", "transform": {"position": [-2.700000,2.300000,1.350000], "rotationDegrees": [0.000000,0.000000,0.000000], "scale": [1.000000,1.000000,1.000000]}},
    {"name": "Cube_1_3", "parent": -1, "visible": true, "mesh": "cube", "material": "cube", "transform": {"position": [-1.350000,2.300000,1.350000], "rotationDegrees": [0.000000,0.000000,0.000000], "scale": [1.000000,1.000000,1.000000]}},
    {"name": "Cube_2_3", "parent": -1, "visible": true, "mesh": "cube", "material": "cube", "transform": {"position": [0.000000,2.300000,1.350000], "rotationDegrees": [0.000000,0.000000,0.000000], "scale": [1.000000,1.000000,1.000000]}},
    {"name": "Cube_3_3", "parent": -1, "visible": true, "mesh": "cube", "material": "cube", "transform": {"position": [1.350000,2.300000,1.350000], "rotationDegrees": [0.000000,0.000000,0.000000], "scale": [1.000000,1.000000,1.000000]}}
  ]
}
