module	imports	source
core	core:EnTTHelpers	src/Core/Core.ixx
core	core:ai_action_binding	src/Core/Core.ixx
core	core:ai_action_contracts	src/Core/Core.ixx
core	core:ai_action_runtime	src/Core/Core.ixx
core	core:ai_action_task	src/Core/Core.ixx
core	core:ai_agent_world_state	src/Core/Core.ixx
core	core:ai_debug_view_model	src/Core/Core.ixx
core	core:ai_decision_contracts	src/Core/Core.ixx
core	core:ai_decision_runtime	src/Core/Core.ixx
core	core:ai_flee_target_action	src/Core/Core.ixx
core	core:ai_flee_target_action_runtime	src/Core/Core.ixx
core	core:ai_follow_route_action	src/Core/Core.ixx
core	core:ai_follow_route_action_runtime	src/Core/Core.ixx
core	core:ai_follow_target_action	src/Core/Core.ixx
core	core:ai_follow_target_action_runtime	src/Core/Core.ixx
core	core:ai_goal_selection	src/Core/Core.ixx
core	core:ai_goal_selection_contracts	src/Core/Core.ixx
core	core:ai_move_to_action	src/Core/Core.ixx
core	core:ai_move_to_action_binding	src/Core/Core.ixx
core	core:ai_plan_execution	src/Core/Core.ixx
core	core:ai_plan_execution_bridge	src/Core/Core.ixx
core	core:ai_planner	src/Core/Core.ixx
core	core:ai_state_operations	src/Core/Core.ixx
core	core:ai_system	src/Core/Core.ixx
core	core:animation_clip	src/Core/Core.ixx
core	core:animation_controller	src/Core/Core.ixx
core	core:animation_workspace	src/Core/Core.ixx
core	core:animator	src/Core/Core.ixx
core	core:asset_manager	src/Core/Core.ixx
core	core:assimp_loader	src/Core/Core.ixx
core	core:character_controller	src/Core/Core.ixx
core	core:character_movement	src/Core/Core.ixx
core	core:controller_base	src/Core/Core.ixx
core	core:door_traversal_executor	src/Core/Core.ixx
core	core:editor_commands	src/Core/Core.ixx
core	core:editor_selection_service	src/Core/Core.ixx
core	core:gameplay	src/Core/Core.ixx
core	core:gameplay_ai_builtin_decisions	src/Core/Core.ixx
core	core:gameplay_ai_decision	src/Core/Core.ixx
core	core:gameplay_ai_decision_asset	src/Core/Core.ixx
core	core:gameplay_ai_decision_creation_context	src/Core/Core.ixx
core	core:gameplay_animation_bridge	src/Core/Core.ixx
core	core:gameplay_goap_asset_composition	src/Core/Core.ixx
core	core:gameplay_goap_builtin_components	src/Core/Core.ixx
core	core:gameplay_goap_composition_registry	src/Core/Core.ixx
core	core:gameplay_goap_decision	src/Core/Core.ixx
core	core:gameplay_goap_decision_instance	src/Core/Core.ixx
core	core:gameplay_goap_decision_setup	src/Core/Core.ixx
core	core:gameplay_goap_definition_asset	src/Core/Core.ixx
core	core:gameplay_goap_definition_compiler	src/Core/Core.ixx
core	core:gameplay_goap_inspection	src/Core/Core.ixx
core	core:gameplay_goap_path_inspection	src/Core/Core.ixx
core	core:gameplay_goap_resource_components	src/Core/Core.ixx
core	core:gameplay_graph	src/Core/Core.ixx
core	core:gameplay_graph_assets	src/Core/Core.ixx
core	core:gameplay_input_system	src/Core/Core.ixx
core	core:gameplay_interaction_point	src/Core/Core.ixx
core	core:gameplay_navigation_debug	src/Core/Core.ixx
core	core:gameplay_object_reservation_system	src/Core/Core.ixx
core	core:gameplay_obstacle_avoidance	src/Core/Core.ixx
core	core:gameplay_pickup_system	src/Core/Core.ixx
core	core:gameplay_request	src/Core/Core.ixx
core	core:gameplay_route	src/Core/Core.ixx
core	core:gameplay_route_follower	src/Core/Core.ixx
core	core:gameplay_route_search	src/Core/Core.ixx
core	core:gameplay_runtime	src/Core/Core.ixx
core	core:gameplay_steering	src/Core/Core.ixx
core	core:gameplay_steering_debug	src/Core/Core.ixx
core	core:gameplay_traversal_executor	src/Core/Core.ixx
core	core:gameplay_traversal_executor_registry	src/Core/Core.ixx
core	core:gameplay_traversal_link	src/Core/Core.ixx
core	core:gameplay_traversal_link_registry	src/Core/Core.ixx
core	core:gametimer	src/Core/Core.ixx
core	core:geometry	src/Core/Core.ixx
core	core:hash_utils	src/Core/Core.ixx
core	core:imgui_debug_ui	src/Core/Core.ixx
core	core:input	src/Core/Core.ixx
core	core:input_core	src/Core/Core.ixx
core	core:jolt_body_registry	src/Core/Core.ixx
core	core:jolt_character_registry	src/Core/Core.ixx
core	core:jolt_shape_factory	src/Core/Core.ixx
core	core:json_utils	src/Core/Core.ixx
core	core:jump_traversal_executor	src/Core/Core.ixx
core	core:level_navigation	src/Core/Core.ixx
core	core:math_utils	src/Core/Core.ixx
core	core:math_utils	src/Navigation/Recast/Navigation.cpp
core	core:mesh	src/Core/Core.ixx
core	core:navigation	src/Core/Core.ixx
core	core:navigation	src/Navigation/Recast/Navigation.cpp
core	core:navigation_debug_draw	src/Core/Core.ixx
core	core:obj_loader	src/Core/Core.ixx
core	core:physics_types	src/Core/Core.ixx
core	core:render	src/Core/Core.ixx
core	core:render_dx12	src/Core/Core.ixx
core	core:render_gl	src/Core/Core.ixx
core	core:resource_manager	src/Core/Core.ixx
core	core:skeleton	src/Core/Core.ixx
core	core:skinned_mesh	src/Core/Core.ixx
core	core:string_utils	src/Core/Core.ixx
core	core:thread_affinity	src/Core/Core.ixx
core	core:thread_affinity	src/Core/ThreadAffinity/ThreadAffinity.cpp
core	core:win32_input	src/Core/Core.ixx
core:ai_action_binding	core:ai_action_contracts	src/Gameplay/AI/Runtime/AIActionBinding.cppm
core:ai_action_binding	core:ai_action_runtime	src/Gameplay/AI/Runtime/AIActionBinding.cppm
core:ai_action_runtime	core:EnTTHelpers	src/Gameplay/AI/Runtime/AIActionRuntime.cppm
core:ai_action_runtime	core:ai_action_contracts	src/Gameplay/AI/Runtime/AIActionRuntime.cppm
core:ai_action_task	core:ai_action_contracts	src/Gameplay/AI/Runtime/AIActionTask.cppm
core:ai_action_task	core:ai_action_runtime	src/Gameplay/AI/Runtime/AIActionTask.cppm
core:ai_debug_view_model	core:ai_action_contracts	src/Gameplay/AI/GOAP/Debug/AIDebugViewModel.cppm
core:ai_debug_view_model	core:ai_decision_runtime	src/Gameplay/AI/GOAP/Debug/AIDebugViewModel.cppm
core:ai_debug_view_model	core:ai_state_operations	src/Gameplay/AI/GOAP/Debug/AIDebugViewModel.cppm
core:ai_decision_contracts	core:ai_action_contracts	src/Gameplay/AI/GOAP/AIDecisionContracts.cppm
core:ai_decision_contracts	core:ai_agent_world_state	src/Gameplay/AI/GOAP/AIDecisionContracts.cppm
core:ai_decision_runtime	core:ai_goal_selection	src/Gameplay/AI/GOAP/AIDecisionRuntime.cppm
core:ai_decision_runtime	core:ai_plan_execution_bridge	src/Gameplay/AI/GOAP/AIDecisionRuntime.cppm
core:ai_decision_runtime	core:ai_planner	src/Gameplay/AI/GOAP/AIDecisionRuntime.cppm
core:ai_decision_runtime	core:ai_state_operations	src/Gameplay/AI/GOAP/AIDecisionRuntime.cppm
core:ai_decision_runtime	core:ai_system	src/Gameplay/AI/GOAP/AIDecisionRuntime.cppm
core:ai_decision_runtime	core:gameplay	src/Gameplay/AI/GOAP/AIDecisionRuntime.cppm
core:ai_flee_target_action	core:ai_action_contracts	src/Gameplay/AI/Navigation/AIFleeTargetAction.cppm
core:ai_flee_target_action	core:ai_action_runtime	src/Gameplay/AI/Navigation/AIFleeTargetAction.cppm
core:ai_flee_target_action	core:ai_flee_target_action_runtime	src/Gameplay/AI/Navigation/AIFleeTargetAction.cppm
core:ai_flee_target_action	core:ai_system	src/Gameplay/AI/Navigation/AIFleeTargetAction.cppm
core:ai_flee_target_action	core:gameplay	src/Gameplay/AI/Navigation/AIFleeTargetAction.cppm
core:ai_flee_target_action	core:gameplay_obstacle_avoidance	src/Gameplay/AI/Navigation/AIFleeTargetAction.cppm
core:ai_flee_target_action	core:gameplay_steering_debug	src/Gameplay/AI/Navigation/AIFleeTargetAction.cppm
core:ai_flee_target_action_runtime	core:ai_action_contracts	src/Gameplay/AI/Navigation/AIFleeTargetActionRuntime.cppm
core:ai_flee_target_action_runtime	core:ai_action_runtime	src/Gameplay/AI/Navigation/AIFleeTargetActionRuntime.cppm
core:ai_flee_target_action_runtime	core:character_controller	src/Gameplay/AI/Navigation/AIFleeTargetActionRuntime.cppm
core:ai_flee_target_action_runtime	core:gameplay	src/Gameplay/AI/Navigation/AIFleeTargetActionRuntime.cppm
core:ai_flee_target_action_runtime	core:gameplay_agent_obstacle_avoidance	src/Gameplay/AI/Navigation/AIFleeTargetActionRuntime.cppm
core:ai_flee_target_action_runtime	core:gameplay_obstacle_avoidance	src/Gameplay/AI/Navigation/AIFleeTargetActionRuntime.cppm
core:ai_flee_target_action_runtime	core:gameplay_steering	src/Gameplay/AI/Navigation/AIFleeTargetActionRuntime.cppm
core:ai_flee_target_action_runtime	core:gameplay_steering_debug	src/Gameplay/AI/Navigation/AIFleeTargetActionRuntime.cppm
core:ai_flee_target_action_runtime	core:math_utils	src/Gameplay/AI/Navigation/AIFleeTargetActionRuntime.cppm
core:ai_follow_route_action	core:ai_action_contracts	src/Gameplay/AI/Navigation/AIFollowRouteAction.cppm
core:ai_follow_route_action	core:ai_action_runtime	src/Gameplay/AI/Navigation/AIFollowRouteAction.cppm
core:ai_follow_route_action	core:ai_follow_route_action_runtime	src/Gameplay/AI/Navigation/AIFollowRouteAction.cppm
core:ai_follow_route_action	core:ai_system	src/Gameplay/AI/Navigation/AIFollowRouteAction.cppm
core:ai_follow_route_action	core:gameplay	src/Gameplay/AI/Navigation/AIFollowRouteAction.cppm
core:ai_follow_route_action	core:gameplay_navigation_debug	src/Gameplay/AI/Navigation/AIFollowRouteAction.cppm
core:ai_follow_route_action	core:gameplay_obstacle_avoidance	src/Gameplay/AI/Navigation/AIFollowRouteAction.cppm
core:ai_follow_route_action	core:gameplay_route	src/Gameplay/AI/Navigation/AIFollowRouteAction.cppm
core:ai_follow_route_action	core:gameplay_route_follower	src/Gameplay/AI/Navigation/AIFollowRouteAction.cppm
core:ai_follow_route_action	core:gameplay_steering	src/Gameplay/AI/Navigation/AIFollowRouteAction.cppm
core:ai_follow_route_action	core:gameplay_steering_debug	src/Gameplay/AI/Navigation/AIFollowRouteAction.cppm
core:ai_follow_route_action	core:gameplay_traversal_executor_registry	src/Gameplay/AI/Navigation/AIFollowRouteAction.cppm
core:ai_follow_route_action	core:gameplay_traversal_link_registry	src/Gameplay/AI/Navigation/AIFollowRouteAction.cppm
core:ai_follow_route_action_runtime	core:ai_action_contracts	src/Gameplay/AI/Navigation/AIFollowRouteActionRuntime.cppm
core:ai_follow_route_action_runtime	core:ai_action_runtime	src/Gameplay/AI/Navigation/AIFollowRouteActionRuntime.cppm
core:ai_follow_route_action_runtime	core:character_controller	src/Gameplay/AI/Navigation/AIFollowRouteActionRuntime.cppm
core:ai_follow_route_action_runtime	core:gameplay	src/Gameplay/AI/Navigation/AIFollowRouteActionRuntime.cppm
core:ai_follow_route_action_runtime	core:gameplay_agent_obstacle_avoidance	src/Gameplay/AI/Navigation/AIFollowRouteActionRuntime.cppm
core:ai_follow_route_action_runtime	core:gameplay_navigation_debug	src/Gameplay/AI/Navigation/AIFollowRouteActionRuntime.cppm
core:ai_follow_route_action_runtime	core:gameplay_obstacle_avoidance	src/Gameplay/AI/Navigation/AIFollowRouteActionRuntime.cppm
core:ai_follow_route_action_runtime	core:gameplay_route	src/Gameplay/AI/Navigation/AIFollowRouteActionRuntime.cppm
core:ai_follow_route_action_runtime	core:gameplay_route_follower	src/Gameplay/AI/Navigation/AIFollowRouteActionRuntime.cppm
core:ai_follow_route_action_runtime	core:gameplay_steering	src/Gameplay/AI/Navigation/AIFollowRouteActionRuntime.cppm
core:ai_follow_route_action_runtime	core:gameplay_steering_debug	src/Gameplay/AI/Navigation/AIFollowRouteActionRuntime.cppm
core:ai_follow_route_action_runtime	core:gameplay_traversal_executor	src/Gameplay/AI/Navigation/AIFollowRouteActionRuntime.cppm
core:ai_follow_route_action_runtime	core:gameplay_traversal_executor_registry	src/Gameplay/AI/Navigation/AIFollowRouteActionRuntime.cppm
core:ai_follow_route_action_runtime	core:gameplay_traversal_link_registry	src/Gameplay/AI/Navigation/AIFollowRouteActionRuntime.cppm
core:ai_follow_target_action	core:ai_action_contracts	src/Gameplay/AI/Navigation/AIFollowTargetAction.cppm
core:ai_follow_target_action	core:ai_action_runtime	src/Gameplay/AI/Navigation/AIFollowTargetAction.cppm
core:ai_follow_target_action	core:ai_follow_target_action_runtime	src/Gameplay/AI/Navigation/AIFollowTargetAction.cppm
core:ai_follow_target_action	core:ai_system	src/Gameplay/AI/Navigation/AIFollowTargetAction.cppm
core:ai_follow_target_action	core:gameplay	src/Gameplay/AI/Navigation/AIFollowTargetAction.cppm
core:ai_follow_target_action	core:gameplay_obstacle_avoidance	src/Gameplay/AI/Navigation/AIFollowTargetAction.cppm
core:ai_follow_target_action	core:gameplay_steering_debug	src/Gameplay/AI/Navigation/AIFollowTargetAction.cppm
core:ai_follow_target_action_runtime	core:ai_action_contracts	src/Gameplay/AI/Navigation/AIFollowTargetActionRuntime.cppm
core:ai_follow_target_action_runtime	core:ai_action_runtime	src/Gameplay/AI/Navigation/AIFollowTargetActionRuntime.cppm
core:ai_follow_target_action_runtime	core:character_controller	src/Gameplay/AI/Navigation/AIFollowTargetActionRuntime.cppm
core:ai_follow_target_action_runtime	core:gameplay	src/Gameplay/AI/Navigation/AIFollowTargetActionRuntime.cppm
core:ai_follow_target_action_runtime	core:gameplay_agent_obstacle_avoidance	src/Gameplay/AI/Navigation/AIFollowTargetActionRuntime.cppm
core:ai_follow_target_action_runtime	core:gameplay_obstacle_avoidance	src/Gameplay/AI/Navigation/AIFollowTargetActionRuntime.cppm
core:ai_follow_target_action_runtime	core:gameplay_steering	src/Gameplay/AI/Navigation/AIFollowTargetActionRuntime.cppm
core:ai_follow_target_action_runtime	core:gameplay_steering_debug	src/Gameplay/AI/Navigation/AIFollowTargetActionRuntime.cppm
core:ai_goal_selection	core:ai_goal_selection_contracts	src/Gameplay/AI/GOAP/AIGoalSelection.cppm
core:ai_goal_selection	core:ai_state_operations	src/Gameplay/AI/GOAP/AIGoalSelection.cppm
core:ai_goal_selection_contracts	core:ai_decision_contracts	src/Gameplay/AI/GOAP/AIGoalSelectionContracts.cppm
core:ai_move_to_action	core:ai_action_contracts	src/Gameplay/AI/Navigation/AIMoveToAction.cppm
core:ai_move_to_action	core:ai_action_runtime	src/Gameplay/AI/Navigation/AIMoveToAction.cppm
core:ai_move_to_action	core:ai_follow_route_action	src/Gameplay/AI/Navigation/AIMoveToAction.cppm
core:ai_move_to_action	core:ai_system	src/Gameplay/AI/Navigation/AIMoveToAction.cppm
core:ai_move_to_action	core:gameplay	src/Gameplay/AI/Navigation/AIMoveToAction.cppm
core:ai_move_to_action	core:gameplay_navigation_debug	src/Gameplay/AI/Navigation/AIMoveToAction.cppm
core:ai_move_to_action	core:gameplay_route_search	src/Gameplay/AI/Navigation/AIMoveToAction.cppm
core:ai_move_to_action	core:gameplay_steering	src/Gameplay/AI/Navigation/AIMoveToAction.cppm
core:ai_move_to_action	core:gameplay_steering_debug	src/Gameplay/AI/Navigation/AIMoveToAction.cppm
core:ai_move_to_action	core:gameplay_traversal_executor_registry	src/Gameplay/AI/Navigation/AIMoveToAction.cppm
core:ai_move_to_action	core:gameplay_traversal_link_registry	src/Gameplay/AI/Navigation/AIMoveToAction.cppm
core:ai_move_to_action_binding	core:ai_action_binding	src/Gameplay/AI/Navigation/AIMoveToActionBinding.cppm
core:ai_move_to_action_binding	core:ai_move_to_action	src/Gameplay/AI/Navigation/AIMoveToActionBinding.cppm
core:ai_move_to_action_binding	core:gameplay	src/Gameplay/AI/Navigation/AIMoveToActionBinding.cppm
core:ai_move_to_action_binding	core:gameplay_navigation_debug	src/Gameplay/AI/Navigation/AIMoveToActionBinding.cppm
core:ai_move_to_action_binding	core:gameplay_object_reservation_system	src/Gameplay/AI/Navigation/AIMoveToActionBinding.cppm
core:ai_move_to_action_binding	core:gameplay_obstacle_avoidance	src/Gameplay/AI/Navigation/AIMoveToActionBinding.cppm
core:ai_move_to_action_binding	core:gameplay_steering_debug	src/Gameplay/AI/Navigation/AIMoveToActionBinding.cppm
core:ai_move_to_action_binding	core:gameplay_traversal_executor_registry	src/Gameplay/AI/Navigation/AIMoveToActionBinding.cppm
core:ai_move_to_action_binding	core:gameplay_traversal_link_registry	src/Gameplay/AI/Navigation/AIMoveToActionBinding.cppm
core:ai_plan_execution	core:ai_action_contracts	src/Gameplay/AI/GOAP/AIPlanExecution.cppm
core:ai_plan_execution	core:ai_decision_contracts	src/Gameplay/AI/GOAP/AIPlanExecution.cppm
core:ai_plan_execution_bridge	core:ai_action_binding	src/Gameplay/AI/GOAP/AIPlanExecutionBridge.cppm
core:ai_plan_execution_bridge	core:ai_action_contracts	src/Gameplay/AI/GOAP/AIPlanExecutionBridge.cppm
core:ai_plan_execution_bridge	core:ai_plan_execution	src/Gameplay/AI/GOAP/AIPlanExecutionBridge.cppm
core:ai_plan_execution_bridge	core:ai_system	src/Gameplay/AI/GOAP/AIPlanExecutionBridge.cppm
core:ai_plan_execution_bridge	core:gameplay	src/Gameplay/AI/GOAP/AIPlanExecutionBridge.cppm
core:ai_planner	core:ai_action_contracts	src/Gameplay/AI/GOAP/AIPlanner.cppm
core:ai_planner	core:ai_decision_contracts	src/Gameplay/AI/GOAP/AIPlanner.cppm
core:ai_planner	core:ai_state_operations	src/Gameplay/AI/GOAP/AIPlanner.cppm
core:ai_state_operations	core:ai_decision_contracts	src/Gameplay/AI/GOAP/AIStateOperations.cppm
core:ai_system	core:ai_action_contracts	src/Gameplay/AI/Runtime/AISystem.cppm
core:ai_system	core:ai_action_task	src/Gameplay/AI/Runtime/AISystem.cppm
core:ai_system	core:gameplay	src/Gameplay/AI/Runtime/AISystem.cppm
core:animation_clip	core:math_utils	src/Animation/Assets/AnimationClip.cppm
core:animation_controller	core:animation_clip	src/Animation/Runtime/AnimationController.cppm
core:animation_controller	core:animator	src/Animation/Runtime/AnimationController.cppm
core:animation_controller	core:skeleton	src/Animation/Runtime/AnimationController.cppm
core:animation_controller	core:string_utils	src/Animation/Runtime/AnimationController.cppm
core:animation_workspace	core:animation_clip	src/Animation/Tooling/AnimationWorkspace.cppm
core:animation_workspace	core:animation_controller	src/Animation/Tooling/AnimationWorkspace.cppm
core:animation_workspace	core:math_utils	src/Animation/Tooling/AnimationWorkspace.cppm
core:animator	core:animation_clip	src/Animation/Runtime/Animator.cppm
core:animator	core:math_utils	src/Animation/Runtime/Animator.cppm
core:animator	core:skeleton	src/Animation/Runtime/Animator.cppm
core:asset_manager	core:file_system	src/Assets/AssetManager.cppm
core:asset_manager	core:resource_manager	src/Assets/AssetManager.cppm
core:asset_manager	core:resource_manager_mesh	src/Assets/AssetManager.cppm
core:assimp_loader	core:animation_clip	src/Render/Model/AssimpLoader.cppm
core:assimp_loader	core:file_system	src/Render/Model/AssimpLoader.cppm
core:assimp_loader	core:math_utils	src/Render/Model/AssimpLoader.cppm
core:assimp_loader	core:mesh	src/Render/Model/AssimpLoader.cppm
core:assimp_loader	core:skeleton	src/Render/Model/AssimpLoader.cppm
core:assimp_loader	core:skinned_mesh	src/Render/Model/AssimpLoader.cppm
core:assimp_scene_loader	core:file_system	src/Render/Model/AssimpSceneLoader.cppm
core:assimp_scene_loader	core:math_utils	src/Render/Model/AssimpSceneLoader.cppm
core:assimp_scene_loader	core:scene	src/Render/Model/AssimpSceneLoader.cppm
core:camera_controller	core:controller_base	src/Render/Scene/CameraController.cppm
core:camera_controller	core:input	src/Render/Scene/CameraController.cppm
core:camera_controller	core:math_utils	src/Render/Scene/CameraController.cppm
core:camera_controller	core:scene	src/Render/Scene/CameraController.cppm
core:character_controller	core:gameplay	src/Gameplay/Character/CharacterController.cppm
core:character_controller	core:gameplay_runtime_common	src/Gameplay/Character/CharacterController.cppm
core:character_controller	core:math_utils	src/Gameplay/Character/CharacterController.cppm
core:character_controller	core:scene	src/Gameplay/Character/CharacterController.cppm
core:character_movement	core:gameplay	src/Gameplay/Character/CharacterMovement.cppm
core:character_movement	core:math_utils	src/Gameplay/Character/CharacterMovement.cppm
core:combat_system	core:gameplay	src/Gameplay/Combat/CombatSystem.cppm
core:common_DX12_Structs	core:math_utils	src/Render/DirectX12/CommonDX12Structs.cppm
core:common_DX12_Structs	core:mesh	src/Render/DirectX12/CommonDX12Structs.cppm
core:common_DX12_Structs	core:render_graph	src/Render/DirectX12/CommonDX12Structs.cppm
core:common_DX12_Structs	core:rhi	src/Render/DirectX12/CommonDX12Structs.cppm
core:common_DX12_Structs	core:scene	src/Render/DirectX12/CommonDX12Structs.cppm
core:common_DX12_Structs	core:skinned_mesh	src/Render/DirectX12/CommonDX12Structs.cppm
core:controller_base	core:input	src/Input/ControllerBase.cppm
core:debug_draw	core:debug_color_utils	src/Render/Debug/DebugDraw.cppm
core:debug_draw	core:math_utils	src/Render/Debug/DebugDraw.cppm
core:debug_draw_renderer_dx12	core:debug_draw	src/Render/DirectX12/DebugDrawRendererDX12.cppm
core:debug_draw_renderer_dx12	core:file_system	src/Render/DirectX12/DebugDrawRendererDX12.cppm
core:debug_draw_renderer_dx12	core:math_utils	src/Render/DirectX12/DebugDrawRendererDX12.cppm
core:debug_draw_renderer_dx12	core:render_core	src/Render/DirectX12/DebugDrawRendererDX12.cppm
core:debug_draw_renderer_dx12	core:rhi	src/Render/DirectX12/DebugDrawRendererDX12.cppm
core:debug_text	core:debug_color_utils	src/Render/Debug/DebugText.cppm
core:debug_text_renderer_dx12	core:debug_text	src/Render/DirectX12/DebugTextRendererDX12.cppm
core:debug_text_renderer_dx12	core:file_system	src/Render/DirectX12/DebugTextRendererDX12.cppm
core:debug_text_renderer_dx12	core:render_core	src/Render/DirectX12/DebugTextRendererDX12.cppm
core:debug_text_renderer_dx12	core:rhi	src/Render/DirectX12/DebugTextRendererDX12.cppm
core:door_traversal_executor	core:character_controller	src/Gameplay/Traversal/DoorTraversalExecutor.cppm
core:door_traversal_executor	core:gameplay	src/Gameplay/Traversal/DoorTraversalExecutor.cppm
core:door_traversal_executor	core:gameplay_interaction_point	src/Gameplay/Traversal/DoorTraversalExecutor.cppm
core:door_traversal_executor	core:gameplay_object_reservation_system	src/Gameplay/Traversal/DoorTraversalExecutor.cppm
core:door_traversal_executor	core:gameplay_steering	src/Gameplay/Traversal/DoorTraversalExecutor.cppm
core:door_traversal_executor	core:gameplay_traversal_executor	src/Gameplay/Traversal/DoorTraversalExecutor.cppm
core:door_traversal_executor	core:gameplay_traversal_link	src/Gameplay/Traversal/DoorTraversalExecutor.cppm
core:editor_commands	core:editor_selection_service	src/Editor/EditorCommands.cppm
core:editor_commands	core:level	src/Editor/EditorCommands.cppm
core:editor_commands	core:scene	src/Editor/EditorCommands.cppm
core:editor_gizmo	core:geometry	src/Editor/EditorGizmo.cppm
core:editor_gizmo	core:level	src/Editor/EditorGizmo.cppm
core:editor_gizmo	core:math_utils	src/Editor/EditorGizmo.cppm
core:editor_gizmo	core:picking	src/Editor/EditorGizmo.cppm
core:editor_gizmo	core:scene	src/Editor/EditorGizmo.cppm
core:editor_rotate_gizmo	core:geometry	src/Editor/EditorRotateGizmo.cppm
core:editor_rotate_gizmo	core:level	src/Editor/EditorRotateGizmo.cppm
core:editor_rotate_gizmo	core:math_utils	src/Editor/EditorRotateGizmo.cppm
core:editor_rotate_gizmo	core:picking	src/Editor/EditorRotateGizmo.cppm
core:editor_rotate_gizmo	core:scene	src/Editor/EditorRotateGizmo.cppm
core:editor_scale_gizmo	core:geometry	src/Editor/EditorScaleGizmo.cppm
core:editor_scale_gizmo	core:level	src/Editor/EditorScaleGizmo.cppm
core:editor_scale_gizmo	core:math_utils	src/Editor/EditorScaleGizmo.cppm
core:editor_scale_gizmo	core:picking	src/Editor/EditorScaleGizmo.cppm
core:editor_scale_gizmo	core:scene	src/Editor/EditorScaleGizmo.cppm
core:editor_scene_state	core:editor_selection_service	src/Editor/EditorSceneState.cppm
core:editor_scene_state	core:scene	src/Editor/EditorSceneState.cppm
core:editor_selection_service	core:EnTTHelpers	src/Editor/EditorSelectionService.cppm
core:file_system	core:file_utils	src/Render/FileSystem.cppm
core:gameplay	core:EnTTHelpers	src/Gameplay/GameplayWorld.cppm
core:gameplay	core:gameplay_action_components	src/Gameplay/GameplayWorld.cppm
core:gameplay	core:gameplay_ai_components	src/Gameplay/GameplayWorld.cppm
core:gameplay	core:gameplay_animation_components	src/Gameplay/GameplayWorld.cppm
core:gameplay	core:gameplay_camera_components	src/Gameplay/GameplayWorld.cppm
core:gameplay	core:gameplay_character_components	src/Gameplay/GameplayWorld.cppm
core:gameplay	core:gameplay_entity_components	src/Gameplay/GameplayWorld.cppm
core:gameplay	core:gameplay_input_components	src/Gameplay/GameplayWorld.cppm
core:gameplay	core:gameplay_interaction_components	src/Gameplay/GameplayWorld.cppm
core:gameplay_agent_obstacle_avoidance	core:gameplay	src/Gameplay/AI/Navigation/GameplayAgentObstacleAvoidance.cppm
core:gameplay_agent_obstacle_avoidance	core:gameplay_obstacle_avoidance	src/Gameplay/AI/Navigation/GameplayAgentObstacleAvoidance.cppm
core:gameplay_agent_obstacle_avoidance	core:gameplay_steering	src/Gameplay/AI/Navigation/GameplayAgentObstacleAvoidance.cppm
core:gameplay_agent_obstacle_avoidance	core:math_utils	src/Gameplay/AI/Navigation/GameplayAgentObstacleAvoidance.cppm
core:gameplay_ai_asset_parsing	core:json_utils	src/Gameplay/AI/GOAP/Authoring/GameplayAIAssetParsing.cppm
core:gameplay_ai_builtin_decisions	core:gameplay_ai_decision	src/Gameplay/AI/Composition/GameplayAIBuiltinDecisions.cppm
core:gameplay_ai_builtin_decisions	core:gameplay_goap_asset_composition	src/Gameplay/AI/Composition/GameplayAIBuiltinDecisions.cppm
core:gameplay_ai_builtin_decisions	core:gameplay_goap_builtin_components	src/Gameplay/AI/Composition/GameplayAIBuiltinDecisions.cppm
core:gameplay_ai_decision	core:gameplay_ai_decision_contracts	src/Gameplay/AI/Runtime/GameplayAIDecision.cppm
core:gameplay_ai_decision	core:gameplay_ai_decision_creation_context	src/Gameplay/AI/Runtime/GameplayAIDecision.cppm
core:gameplay_ai_decision_asset	core:file_system	src/Gameplay/AI/GOAP/Authoring/GameplayAIDecisionAsset.cppm
core:gameplay_ai_decision_asset	core:gameplay_ai_asset_parsing	src/Gameplay/AI/GOAP/Authoring/GameplayAIDecisionAsset.cppm
core:gameplay_ai_decision_contracts	core:gameplay_world_event	src/Gameplay/AI/Runtime/GameplayAIDecisionContracts.cppm
core:gameplay_ai_decision_creation_context	core:EnTTHelpers	src/Gameplay/AI/Runtime/GameplayAIDecisionCreationContext.cppm
core:gameplay_animation_bridge	core:animation_controller	src/Gameplay/Animation/GameplayAnimationBridge.cppm
core:gameplay_animation_bridge	core:gameplay	src/Gameplay/Animation/GameplayAnimationBridge.cppm
core:gameplay_animation_bridge_system	core:animation_controller	src/Gameplay/Animation/GameplayAnimationBridgeSystem.cppm
core:gameplay_animation_bridge_system	core:gameplay	src/Gameplay/Animation/GameplayAnimationBridgeSystem.cppm
core:gameplay_animation_bridge_system	core:gameplay_animation_bridge	src/Gameplay/Animation/GameplayAnimationBridgeSystem.cppm
core:gameplay_animation_bridge_system	core:gameplay_graph	src/Gameplay/Animation/GameplayAnimationBridgeSystem.cppm
core:gameplay_animation_bridge_system	core:gameplay_runtime_common	src/Gameplay/Animation/GameplayAnimationBridgeSystem.cppm
core:gameplay_animation_bridge_system	core:level	src/Gameplay/Animation/GameplayAnimationBridgeSystem.cppm
core:gameplay_animation_bridge_system	core:scene	src/Gameplay/Animation/GameplayAnimationBridgeSystem.cppm
core:gameplay_bootstrap	core:gameplay	src/Gameplay/Runtime/GameplayBootstrap.cppm
core:gameplay_bootstrap	core:level	src/Gameplay/Runtime/GameplayBootstrap.cppm
core:gameplay_bootstrap	core:math_utils	src/Gameplay/Runtime/GameplayBootstrap.cppm
core:gameplay_bootstrap	core:scene	src/Gameplay/Runtime/GameplayBootstrap.cppm
core:gameplay_camera_components	core:math_utils	src/Gameplay/Camera/GameplayCameraComponents.cppm
core:gameplay_character_components	core:gameplay_action_components	src/Gameplay/Character/GameplayCharacterComponents.cppm
core:gameplay_character_components	core:math_utils	src/Gameplay/Character/GameplayCharacterComponents.cppm
core:gameplay_character_components	core:physics_types	src/Gameplay/Character/GameplayCharacterComponents.cppm
core:gameplay_entity_components	core:EnTTHelpers	src/Gameplay/Components/GameplayEntityComponents.cppm
core:gameplay_entity_components	core:math_utils	src/Gameplay/Components/GameplayEntityComponents.cppm
core:gameplay_follow_camera	core:gameplay	src/Gameplay/Camera/GameplayFollowCamera.cppm
core:gameplay_follow_camera	core:gameplay_runtime_common	src/Gameplay/Camera/GameplayFollowCamera.cppm
core:gameplay_follow_camera	core:math_utils	src/Gameplay/Camera/GameplayFollowCamera.cppm
core:gameplay_follow_camera	core:scene	src/Gameplay/Camera/GameplayFollowCamera.cppm
core:gameplay_goap_asset_composition	core:gameplay	src/Gameplay/AI/Composition/GameplayGOAPAssetComposition.cppm
core:gameplay_goap_asset_composition	core:gameplay_ai_decision	src/Gameplay/AI/Composition/GameplayGOAPAssetComposition.cppm
core:gameplay_goap_asset_composition	core:gameplay_goap_decision_instance	src/Gameplay/AI/Composition/GameplayGOAPAssetComposition.cppm
core:gameplay_goap_asset_composition	core:gameplay_goap_decision_template	src/Gameplay/AI/Composition/GameplayGOAPAssetComposition.cppm
core:gameplay_goap_asset_composition	core:gameplay_goap_definition_asset	src/Gameplay/AI/Composition/GameplayGOAPAssetComposition.cppm
core:gameplay_goap_asset_composition	core:gameplay_goap_observation_order	src/Gameplay/AI/Composition/GameplayGOAPAssetComposition.cppm
core:gameplay_goap_asset_composition	core:gameplay_goap_path_inspection	src/Gameplay/AI/Composition/GameplayGOAPAssetComposition.cppm
core:gameplay_goap_asset_composition	core:level	src/Gameplay/AI/Composition/GameplayGOAPAssetComposition.cppm
core:gameplay_goap_builtin_components	core:gameplay_goap_composition_registry	src/Gameplay/AI/Composition/GameplayGOAPBuiltinComponents.cppm
core:gameplay_goap_builtin_components	core:gameplay_goap_move_to_component	src/Gameplay/AI/Composition/GameplayGOAPBuiltinComponents.cppm
core:gameplay_goap_builtin_components	core:gameplay_goap_move_to_component_assets	src/Gameplay/AI/Composition/GameplayGOAPBuiltinComponents.cppm
core:gameplay_goap_builtin_components	core:gameplay_goap_resource_component_assets	src/Gameplay/AI/Composition/GameplayGOAPBuiltinComponents.cppm
core:gameplay_goap_builtin_components	core:gameplay_goap_resource_components	src/Gameplay/AI/Composition/GameplayGOAPBuiltinComponents.cppm
core:gameplay_goap_builtin_components	core:gameplay_goap_spatial_component_assets	src/Gameplay/AI/Composition/GameplayGOAPBuiltinComponents.cppm
core:gameplay_goap_builtin_components	core:gameplay_goap_spatial_components	src/Gameplay/AI/Composition/GameplayGOAPBuiltinComponents.cppm
core:gameplay_goap_composition_registry	core:ai_action_binding	src/Gameplay/AI/Composition/GameplayGOAPCompositionRegistry.cppm
core:gameplay_goap_composition_registry	core:gameplay_ai_decision_asset	src/Gameplay/AI/Composition/GameplayGOAPCompositionRegistry.cppm
core:gameplay_goap_composition_registry	core:gameplay_ai_decision_creation_context	src/Gameplay/AI/Composition/GameplayGOAPCompositionRegistry.cppm
core:gameplay_goap_composition_registry	core:gameplay_goap_decision_setup	src/Gameplay/AI/Composition/GameplayGOAPCompositionRegistry.cppm
core:gameplay_goap_composition_registry	core:gameplay_goap_definition_compiler	src/Gameplay/AI/Composition/GameplayGOAPCompositionRegistry.cppm
core:gameplay_goap_composition_registry	core:math_utils	src/Gameplay/AI/Composition/GameplayGOAPCompositionRegistry.cppm
core:gameplay_goap_decision	core:ai_action_binding	src/Gameplay/AI/GOAP/GameplayGOAPDecision.cppm
core:gameplay_goap_decision	core:ai_action_contracts	src/Gameplay/AI/GOAP/GameplayGOAPDecision.cppm
core:gameplay_goap_decision	core:ai_debug_view_model	src/Gameplay/AI/GOAP/GameplayGOAPDecision.cppm
core:gameplay_goap_decision	core:ai_system	src/Gameplay/AI/GOAP/GameplayGOAPDecision.cppm
core:gameplay_goap_decision	core:gameplay	src/Gameplay/AI/GOAP/GameplayGOAPDecision.cppm
core:gameplay_goap_decision	core:gameplay_goap_definition_contracts	src/Gameplay/AI/GOAP/GameplayGOAPDecision.cppm
core:gameplay_goap_decision_instance	core:gameplay_ai_decision_contracts	src/Gameplay/AI/GOAP/GameplayGOAPDecisionInstance.cppm
core:gameplay_goap_decision_instance	core:gameplay_goap_decision	src/Gameplay/AI/GOAP/GameplayGOAPDecisionInstance.cppm
core:gameplay_goap_decision_instance	core:gameplay_goap_decision_setup	src/Gameplay/AI/GOAP/GameplayGOAPDecisionInstance.cppm
core:gameplay_goap_decision_instance	core:gameplay_goap_inspection	src/Gameplay/AI/GOAP/GameplayGOAPDecisionInstance.cppm
core:gameplay_goap_decision_instance	core:gameplay_goap_path_inspection	src/Gameplay/AI/GOAP/GameplayGOAPDecisionInstance.cppm
core:gameplay_goap_decision_setup	core:ai_action_binding	src/Gameplay/AI/GOAP/GameplayGOAPDecisionSetup.cppm
core:gameplay_goap_decision_setup	core:gameplay_ai_decision_contracts	src/Gameplay/AI/GOAP/GameplayGOAPDecisionSetup.cppm
core:gameplay_goap_decision_setup	core:gameplay_goap_definition_contracts	src/Gameplay/AI/GOAP/GameplayGOAPDecisionSetup.cppm
core:gameplay_goap_decision_template	core:gameplay_goap_composition_registry	src/Gameplay/AI/Composition/GameplayGOAPDecisionTemplate.cppm
core:gameplay_goap_decision_template	core:gameplay_goap_definition_asset	src/Gameplay/AI/Composition/GameplayGOAPDecisionTemplate.cppm
core:gameplay_goap_definition_asset	core:file_system	src/Gameplay/AI/GOAP/Authoring/GameplayGOAPDefinitionAsset.cppm
core:gameplay_goap_definition_asset	core:json_utils	src/Gameplay/AI/GOAP/Authoring/GameplayGOAPDefinitionAsset.cppm
core:gameplay_goap_definition_compiler	core:ai_action_contracts	src/Gameplay/AI/GOAP/Authoring/GameplayGOAPDefinitionCompiler.cppm
core:gameplay_goap_definition_compiler	core:gameplay_goap_definition_asset	src/Gameplay/AI/GOAP/Authoring/GameplayGOAPDefinitionCompiler.cppm
core:gameplay_goap_definition_compiler	core:gameplay_goap_definition_contracts	src/Gameplay/AI/GOAP/Authoring/GameplayGOAPDefinitionCompiler.cppm
core:gameplay_goap_definition_contracts	core:ai_action_contracts	src/Gameplay/AI/GOAP/GameplayGOAPDefinitionContracts.cppm
core:gameplay_goap_definition_contracts	core:ai_goal_selection_contracts	src/Gameplay/AI/GOAP/GameplayGOAPDefinitionContracts.cppm
core:gameplay_goap_inspection	core:ai_agent_world_state	src/Gameplay/AI/GOAP/Debug/GameplayGOAPInspection.cppm
core:gameplay_goap_inspection	core:ai_debug_view_model	src/Gameplay/AI/GOAP/Debug/GameplayGOAPInspection.cppm
core:gameplay_goap_inspection	core:ai_plan_execution	src/Gameplay/AI/GOAP/Debug/GameplayGOAPInspection.cppm
core:gameplay_goap_move_to_component	core:ai_move_to_action	src/Gameplay/AI/Composition/Components/GameplayGOAPMoveToComponent.cppm
core:gameplay_goap_move_to_component	core:ai_move_to_action_binding	src/Gameplay/AI/Composition/Components/GameplayGOAPMoveToComponent.cppm
core:gameplay_goap_move_to_component	core:gameplay	src/Gameplay/AI/Composition/Components/GameplayGOAPMoveToComponent.cppm
core:gameplay_goap_move_to_component	core:gameplay_goap_composition_registry	src/Gameplay/AI/Composition/Components/GameplayGOAPMoveToComponent.cppm
core:gameplay_goap_move_to_component	core:gameplay_goap_move_to_component_assets	src/Gameplay/AI/Composition/Components/GameplayGOAPMoveToComponent.cppm
core:gameplay_goap_move_to_component	core:gameplay_goap_path_inspection	src/Gameplay/AI/Composition/Components/GameplayGOAPMoveToComponent.cppm
core:gameplay_goap_move_to_component	core:gameplay_route_search	src/Gameplay/AI/Composition/Components/GameplayGOAPMoveToComponent.cppm
core:gameplay_goap_move_to_component	core:gameplay_steering	src/Gameplay/AI/Composition/Components/GameplayGOAPMoveToComponent.cppm
core:gameplay_goap_move_to_component	core:gameplay_traversal_link	src/Gameplay/AI/Composition/Components/GameplayGOAPMoveToComponent.cppm
core:gameplay_goap_move_to_component	core:gameplay_traversal_link_registry	src/Gameplay/AI/Composition/Components/GameplayGOAPMoveToComponent.cppm
core:gameplay_goap_move_to_component_assets	core:gameplay_ai_asset_parsing	src/Gameplay/AI/Composition/Components/GameplayGOAPMoveToComponentAssets.cppm
core:gameplay_goap_observation_order	core:gameplay_goap_composition_registry	src/Gameplay/AI/Composition/GameplayGOAPObservationOrder.cppm
core:gameplay_goap_path_inspection	core:ai_action_contracts	src/Gameplay/AI/GOAP/Debug/GameplayGOAPPathInspection.cppm
core:gameplay_goap_path_inspection	core:ai_decision_contracts	src/Gameplay/AI/GOAP/Debug/GameplayGOAPPathInspection.cppm
core:gameplay_goap_path_inspection	core:gameplay_route	src/Gameplay/AI/GOAP/Debug/GameplayGOAPPathInspection.cppm
core:gameplay_goap_resource_component_assets	core:gameplay_ai_asset_parsing	src/Gameplay/AI/Composition/Components/GameplayGOAPResourceComponentAssets.cppm
core:gameplay_goap_resource_components	core:ai_action_binding	src/Gameplay/AI/Composition/Components/GameplayGOAPResourceComponents.cppm
core:gameplay_goap_resource_components	core:gameplay	src/Gameplay/AI/Composition/Components/GameplayGOAPResourceComponents.cppm
core:gameplay_goap_resource_components	core:gameplay_goap_composition_registry	src/Gameplay/AI/Composition/Components/GameplayGOAPResourceComponents.cppm
core:gameplay_goap_resource_components	core:gameplay_goap_resource_component_assets	src/Gameplay/AI/Composition/Components/GameplayGOAPResourceComponents.cppm
core:gameplay_goap_spatial_component_assets	core:gameplay_ai_asset_parsing	src/Gameplay/AI/Composition/Components/GameplayGOAPSpatialComponentAssets.cppm
core:gameplay_goap_spatial_components	core:gameplay	src/Gameplay/AI/Composition/Components/GameplayGOAPSpatialComponents.cppm
core:gameplay_goap_spatial_components	core:gameplay_goap_composition_registry	src/Gameplay/AI/Composition/Components/GameplayGOAPSpatialComponents.cppm
core:gameplay_goap_spatial_components	core:gameplay_goap_spatial_component_assets	src/Gameplay/AI/Composition/Components/GameplayGOAPSpatialComponents.cppm
core:gameplay_goap_spatial_components	core:gameplay_object_reservation_system	src/Gameplay/AI/Composition/Components/GameplayGOAPSpatialComponents.cppm
core:gameplay_graph_assets	core:gameplay_graph	src/Gameplay/Graph/GameplayGraphAssets.cppm
core:gameplay_impl	core:gameplay	src/Gameplay/GameplayWorld_impl.cppm
core:gameplay_input_bindings	core:gameplay_action_components	src/Gameplay/Input/GameplayInputBindings.cppm
core:gameplay_input_components	core:gameplay_action_components	src/Gameplay/Input/GameplayInputComponents.cppm
core:gameplay_input_system	core:gameplay	src/Gameplay/Input/GameplayInput.cppm
core:gameplay_input_system	core:gameplay_runtime_common	src/Gameplay/Input/GameplayInput.cppm
core:gameplay_input_system	core:input	src/Gameplay/Input/GameplayInput.cppm
core:gameplay_interaction_components	core:math_utils	src/Gameplay/Interaction/GameplayInteractionComponents.cppm
core:gameplay_interaction_point	core:gameplay	src/Gameplay/Interaction/GameplayInteractionPoint.cppm
core:gameplay_interaction_point	core:math_utils	src/Gameplay/Interaction/GameplayInteractionPoint.cppm
core:gameplay_navigation_debug	core:EnTTHelpers	src/Gameplay/Navigation/GameplayNavigationDebug.cppm
core:gameplay_navigation_debug	core:gameplay_route	src/Gameplay/Navigation/GameplayNavigationDebug.cppm
core:gameplay_object_reservation_system	core:gameplay	src/Gameplay/Interaction/GameplayObjectReservationSystem.cppm
core:gameplay_obstacle_avoidance	core:gameplay_steering	src/Gameplay/Navigation/GameplayObstacleAvoidance.cppm
core:gameplay_obstacle_avoidance	core:math_utils	src/Gameplay/Navigation/GameplayObstacleAvoidance.cppm
core:gameplay_pickup_system	core:gameplay	src/Gameplay/Pickup/GameplayPickupSystem.cppm
core:gameplay_pickup_system	core:gameplay_world_event	src/Gameplay/Pickup/GameplayPickupSystem.cppm
core:gameplay_request	core:EnTTHelpers	src/Gameplay/Navigation/GameplayRequest.cppm
core:gameplay_route	core:math_utils	src/Gameplay/Navigation/GameplayRoute.cppm
core:gameplay_route_follower	core:gameplay_route	src/Gameplay/Navigation/GameplayRouteFollower.cppm
core:gameplay_route_follower	core:gameplay_steering	src/Gameplay/Navigation/GameplayRouteFollower.cppm
core:gameplay_route_follower	core:math_utils	src/Gameplay/Navigation/GameplayRouteFollower.cppm
core:gameplay_route_search	core:gameplay_route	src/Gameplay/Navigation/GameplayRouteSearch.cppm
core:gameplay_route_search	core:math_utils	src/Gameplay/Navigation/GameplayRouteSearch.cppm
core:gameplay_runtime	core:ai_action_contracts	src/Gameplay/Runtime/GameplayRuntime.cppm
core:gameplay_runtime	core:ai_decision_runtime	src/Gameplay/Runtime/GameplayRuntime.cppm
core:gameplay_runtime	core:ai_flee_target_action	src/Gameplay/Runtime/GameplayRuntime.cppm
core:gameplay_runtime	core:ai_follow_route_action	src/Gameplay/Runtime/GameplayRuntime.cppm
core:gameplay_runtime	core:ai_follow_target_action	src/Gameplay/Runtime/GameplayRuntime.cppm
core:gameplay_runtime	core:ai_move_to_action	src/Gameplay/Runtime/GameplayRuntime.cppm
core:gameplay_runtime	core:ai_move_to_action_binding	src/Gameplay/Runtime/GameplayRuntime.cppm
core:gameplay_runtime	core:ai_system	src/Gameplay/Runtime/GameplayRuntime.cppm
core:gameplay_runtime	core:character_controller	src/Gameplay/Runtime/GameplayRuntime.cppm
core:gameplay_runtime	core:character_movement	src/Gameplay/Runtime/GameplayRuntime.cppm
core:gameplay_runtime	core:combat_system	src/Gameplay/Runtime/GameplayRuntime.cppm
core:gameplay_runtime	core:door_traversal_executor	src/Gameplay/Runtime/GameplayRuntime.cppm
core:gameplay_runtime	core:gameplay	src/Gameplay/Runtime/GameplayRuntime.cppm
core:gameplay_runtime	core:gameplay_ai_decision	src/Gameplay/Runtime/GameplayRuntime.cppm
core:gameplay_runtime	core:gameplay_animation_bridge	src/Gameplay/Runtime/GameplayRuntime.cppm
core:gameplay_runtime	core:gameplay_animation_bridge_system	src/Gameplay/Runtime/GameplayRuntime.cppm
core:gameplay_runtime	core:gameplay_bootstrap	src/Gameplay/Runtime/GameplayRuntime.cppm
core:gameplay_runtime	core:gameplay_follow_camera	src/Gameplay/Runtime/GameplayRuntime.cppm
core:gameplay_runtime	core:gameplay_goap_inspection	src/Gameplay/Runtime/GameplayRuntime.cppm
core:gameplay_runtime	core:gameplay_goap_path_inspection	src/Gameplay/Runtime/GameplayRuntime.cppm
core:gameplay_runtime	core:gameplay_graph	src/Gameplay/Runtime/GameplayRuntime.cppm
core:gameplay_runtime	core:gameplay_graph_assets	src/Gameplay/Runtime/GameplayRuntime.cppm
core:gameplay_runtime	core:gameplay_input_system	src/Gameplay/Runtime/GameplayRuntime.cppm
core:gameplay_runtime	core:gameplay_navigation_debug	src/Gameplay/Runtime/GameplayRuntime.cppm
core:gameplay_runtime	core:gameplay_object_reservation_system	src/Gameplay/Runtime/GameplayRuntime.cppm
core:gameplay_runtime	core:gameplay_obstacle_avoidance	src/Gameplay/Runtime/GameplayRuntime.cppm
core:gameplay_runtime	core:gameplay_pickup_system	src/Gameplay/Runtime/GameplayRuntime.cppm
core:gameplay_runtime	core:gameplay_route	src/Gameplay/Runtime/GameplayRuntime.cppm
core:gameplay_runtime	core:gameplay_route_search	src/Gameplay/Runtime/GameplayRuntime.cppm
core:gameplay_runtime	core:gameplay_runtime_common	src/Gameplay/Runtime/GameplayRuntime.cppm
core:gameplay_runtime	core:gameplay_scene_sync	src/Gameplay/Runtime/GameplayRuntime.cppm
core:gameplay_runtime	core:gameplay_steering	src/Gameplay/Runtime/GameplayRuntime.cppm
core:gameplay_runtime	core:gameplay_steering_debug	src/Gameplay/Runtime/GameplayRuntime.cppm
core:gameplay_runtime	core:gameplay_traversal_executor	src/Gameplay/Runtime/GameplayRuntime.cppm
core:gameplay_runtime	core:gameplay_traversal_executor_registry	src/Gameplay/Runtime/GameplayRuntime.cppm
core:gameplay_runtime	core:gameplay_traversal_link	src/Gameplay/Runtime/GameplayRuntime.cppm
core:gameplay_runtime	core:gameplay_traversal_link_registry	src/Gameplay/Runtime/GameplayRuntime.cppm
core:gameplay_runtime	core:interaction_system	src/Gameplay/Runtime/GameplayRuntime.cppm
core:gameplay_runtime	core:jump_traversal_executor	src/Gameplay/Runtime/GameplayRuntime.cppm
core:gameplay_runtime	core:thread_affinity	src/Gameplay/Runtime/GameplayRuntime.cppm
core:gameplay_runtime_common	core:animation_controller	src/Gameplay/Runtime/GameplayRuntimeCommon.cppm
core:gameplay_runtime_common	core:gameplay	src/Gameplay/Runtime/GameplayRuntimeCommon.cppm
core:gameplay_runtime_common	core:gameplay_input_bindings	src/Gameplay/Runtime/GameplayRuntimeCommon.cppm
core:gameplay_runtime_common	core:input	src/Gameplay/Runtime/GameplayRuntimeCommon.cppm
core:gameplay_runtime_common	core:level	src/Gameplay/Runtime/GameplayRuntimeCommon.cppm
core:gameplay_runtime_common	core:scene	src/Gameplay/Runtime/GameplayRuntimeCommon.cppm
core:gameplay_scene_sync	core:gameplay	src/Gameplay/Runtime/GameplaySceneSync.cppm
core:gameplay_scene_sync	core:gameplay_runtime_common	src/Gameplay/Runtime/GameplaySceneSync.cppm
core:gameplay_scene_sync	core:level	src/Gameplay/Runtime/GameplaySceneSync.cppm
core:gameplay_scene_sync	core:math_utils	src/Gameplay/Runtime/GameplaySceneSync.cppm
core:gameplay_scene_sync	core:scene	src/Gameplay/Runtime/GameplaySceneSync.cppm
core:gameplay_steering	core:gameplay	src/Gameplay/Navigation/GameplaySteering.cppm
core:gameplay_steering	core:math_utils	src/Gameplay/Navigation/GameplaySteering.cppm
core:gameplay_steering_debug	core:EnTTHelpers	src/Gameplay/Navigation/GameplaySteeringDebug.cppm
core:gameplay_steering_debug	core:gameplay_obstacle_avoidance	src/Gameplay/Navigation/GameplaySteeringDebug.cppm
core:gameplay_traversal_executor	core:gameplay	src/Gameplay/Traversal/GameplayTraversalExecutor.cppm
core:gameplay_traversal_executor	core:gameplay_route	src/Gameplay/Traversal/GameplayTraversalExecutor.cppm
core:gameplay_traversal_executor	core:gameplay_traversal_link	src/Gameplay/Traversal/GameplayTraversalExecutor.cppm
core:gameplay_traversal_executor_registry	core:gameplay_traversal_executor	src/Gameplay/Traversal/GameplayTraversalExecutorRegistry.cppm
core:gameplay_traversal_executor_registry	core:gameplay_traversal_link	src/Gameplay/Traversal/GameplayTraversalExecutorRegistry.cppm
core:gameplay_traversal_link	core:gameplay	src/Gameplay/Traversal/GameplayTraversalLink.cppm
core:gameplay_traversal_link	core:gameplay_route	src/Gameplay/Traversal/GameplayTraversalLink.cppm
core:gameplay_traversal_link	core:math_utils	src/Gameplay/Traversal/GameplayTraversalLink.cppm
core:gameplay_traversal_link_registry	core:gameplay_route	src/Gameplay/Traversal/GameplayTraversalLinkRegistry.cppm
core:gameplay_traversal_link_registry	core:gameplay_traversal_link	src/Gameplay/Traversal/GameplayTraversalLinkRegistry.cppm
core:gameplay_world_event	core:EnTTHelpers	src/Gameplay/Events/GameplayWorldEvent.cppm
core:gametimer	core:gametimer_core	src/Timer/GameTimer.ixx
core:geometry	core:math_utils	src/Core/Math/Geometry.cppm
core:hash_utils	core:common_DX12_Structs	src/Core/Hash/HashUtils.cppm
core:hash_utils	core:math_utils	src/Core/Hash/HashUtils.cppm
core:hash_utils	core:mesh	src/Core/Hash/HashUtils.cppm
core:hash_utils	core:rhi	src/Core/Hash/HashUtils.cppm
core:imgui_debug_ui	core:animation_clip	src/Render/ImGui/ImGuiDebugUI.cppm
core:imgui_debug_ui	core:animation_controller	src/Render/ImGui/ImGuiDebugUI.cppm
core:imgui_debug_ui	core:animation_workspace	src/Render/ImGui/ImGuiDebugUI.cppm
core:imgui_debug_ui	core:animator	src/Render/ImGui/ImGuiDebugUI.cppm
core:imgui_debug_ui	core:asset_manager	src/Render/ImGui/ImGuiDebugUI.cppm
core:imgui_debug_ui	core:assimp_scene_loader	src/Render/ImGui/ImGuiDebugUI.cppm
core:imgui_debug_ui	core:camera_controller	src/Render/ImGui/ImGuiDebugUI.cppm
core:imgui_debug_ui	core:editor_commands	src/Render/ImGui/ImGuiDebugUI.cppm
core:imgui_debug_ui	core:editor_selection_service	src/Render/ImGui/ImGuiDebugUI.cppm
core:imgui_debug_ui	core:gameplay_runtime	src/Render/ImGui/ImGuiDebugUI.cppm
core:imgui_debug_ui	core:level	src/Render/ImGui/ImGuiDebugUI.cppm
core:imgui_debug_ui	core:math_utils	src/Render/ImGui/ImGuiDebugUI.cppm
core:imgui_debug_ui	core:renderer_settings	src/Render/ImGui/ImGuiDebugUI.cppm
core:imgui_debug_ui	core:rhi	src/Render/ImGui/ImGuiDebugUI.cppm
core:imgui_debug_ui	core:scene	src/Render/ImGui/ImGuiDebugUI.cppm
core:input_core	core:input	src/Input/InputCore.cppm
core:interaction_system	core:gameplay	src/Gameplay/Interaction/InteractionSystem.cppm
core:jolt_body_registry	core:physics_types	src/Physics/Jolt/JoltBodyRegistry.cppm
core:jolt_character_registry	core:physics_types	src/Physics/Jolt/JoltCharacterRegistry.cppm
core:jolt_shape_factory	core:physics_types	src/Physics/Jolt/JoltShapeFactory.cppm
core:json_utils	core:math_utils	src/Core/Json/JsonUtils.cppm
core:json_utils	core:string_utils	src/Core/Json/JsonUtils.cppm
core:jump_traversal_executor	core:character_controller	src/Gameplay/Traversal/JumpTraversalExecutor.cppm
core:jump_traversal_executor	core:gameplay	src/Gameplay/Traversal/JumpTraversalExecutor.cppm
core:jump_traversal_executor	core:gameplay_steering	src/Gameplay/Traversal/JumpTraversalExecutor.cppm
core:jump_traversal_executor	core:gameplay_traversal_executor	src/Gameplay/Traversal/JumpTraversalExecutor.cppm
core:jump_traversal_executor	core:gameplay_traversal_link	src/Gameplay/Traversal/JumpTraversalExecutor.cppm
core:jump_traversal_executor	core:gameplay_traversal_link_registry	src/Gameplay/Traversal/JumpTraversalExecutor.cppm
core:level	core:animation_clip	src/Level/Level.cppm
core:level	core:animation_controller	src/Level/Level.cppm
core:level	core:animator	src/Level/Level.cppm
core:level	core:asset_manager	src/Level/Level.cppm
core:level	core:assimp_loader	src/Level/Level.cppm
core:level	core:assimp_scene_loader	src/Level/Level.cppm
core:level	core:file_system	src/Level/Level.cppm
core:level	core:gameplay_action_components	src/Level/Level.cppm
core:level	core:gameplay_input_bindings	src/Level/Level.cppm
core:level	core:json_utils	src/Level/Level.cppm
core:level	core:level_ecs	src/Level/Level.cppm
core:level	core:math_utils	src/Level/Level.cppm
core:level	core:physics_types	src/Level/Level.cppm
core:level	core:render_bindless	src/Level/Level.cppm
core:level	core:resource_manager	src/Level/Level.cppm
core:level	core:scene	src/Level/Level.cppm
core:level	core:string_utils	src/Level/Level.cppm
core:level_ecs	core:EnTTHelpers	src/Level/LevelECS.cppm
core:level_ecs	core:math_utils	src/Level/LevelECS.cppm
core:level_ecs	core:scene	src/Level/LevelECS.cppm
core:level_ecs_impl	core:level_ecs	src/Level/LevelECS_impl.cppm
core:level_navigation	core:gameplay_character_components	src/App/LevelNavigation.cppm
core:level_navigation	core:level	src/App/LevelNavigation.cppm
core:level_navigation	core:math_utils	src/App/LevelNavigation.cppm
core:level_navigation	core:navigation	src/App/LevelNavigation.cppm
core:mesh	core:math_utils	src/Render/Model/Mesh/Mesh.cppm
core:mesh	core:rhi	src/Render/Model/Mesh/Mesh.cppm
core:navigation	core:math_utils	src/Navigation/Navigation.cppm
core:navigation_debug_draw	core:debug_draw	src/App/NavigationDebugDraw.cppm
core:navigation_debug_draw	core:navigation	src/App/NavigationDebugDraw.cppm
core:navigation_debug_draw	core:scene	src/App/NavigationDebugDraw.cppm
core:obj_loader	core:file_system	src/Render/Model/ObjLoader.cppm
core:obj_loader	core:mesh	src/Render/Model/ObjLoader.cppm
core:physics_types	core:math_utils	src/Physics/PhysicsTypes.cppm
core:picking	core:geometry	src/Editor/Picking.cppm
core:picking	core:level	src/Editor/Picking.cppm
core:picking	core:level_ecs	src/Editor/Picking.cppm
core:picking	core:math_utils	src/Editor/Picking.cppm
core:picking	core:scene	src/Editor/Picking.cppm
core:render	core:animation_clip	src/Render/Render.ixx
core:render	core:animation_controller	src/Render/Render.ixx
core:render	core:animator	src/Render/Render.ixx
core:render	core:camera_controller	src/Render/Render.ixx
core:render	core:editor_gizmo	src/Render/Render.ixx
core:render	core:editor_rotate_gizmo	src/Render/Render.ixx
core:render	core:editor_scale_gizmo	src/Render/Render.ixx
core:render	core:editor_scene_state	src/Render/Render.ixx
core:render	core:file_system	src/Render/Render.ixx
core:render	core:level	src/Render/Render.ixx
core:render	core:level_ecs	src/Render/Render.ixx
core:render	core:mesh	src/Render/Render.ixx
core:render	core:picking	src/Render/Render.ixx
core:render	core:render_bindless	src/Render/Render.ixx
core:render	core:render_command_queue	src/Render/Render.ixx
core:render	core:render_core	src/Render/Render.ixx
core:render	core:render_frame_view	src/Render/Render.ixx
core:render	core:render_gpu_memory	src/Render/Render.ixx
core:render	core:render_graph	src/Render/Render.ixx
core:render	core:render_renderer	src/Render/Render.ixx
core:render	core:render_scene_extractor	src/Render/Render.ixx
core:render	core:render_scheduler	src/Render/Render.ixx
core:render	core:rhi	src/Render/Render.ixx
core:render	core:scene	src/Render/Render.ixx
core:render	core:scene_bridge	src/Render/Render.ixx
core:render	core:shader_files	src/Render/Render.ixx
core:render	core:shader_system	src/Render/Render.ixx
core:render	core:skeleton	src/Render/Render.ixx
core:render	core:skinned_mesh	src/Render/Render.ixx
core:render	core:sync	src/Render/Render.ixx
core:render	core:texture_decoder_stb	src/Render/Render.ixx
core:render	core:visibility	src/Render/Render.ixx
core:render_bindless	core:rhi	src/Render/Bindless.cppm
core:render_core	core:file_system	src/Render/RenderCore.cppm
core:render_core	core:hash_utils	src/Render/RenderCore.cppm
core:render_core	core:resource_manager	src/Render/RenderCore.cppm
core:render_core	core:rhi	src/Render/RenderCore.cppm
core:render_core	core:shader_files	src/Render/RenderCore.cppm
core:render_core	core:thread_affinity	src/Render/RenderCore.cppm
core:render_core_dx12	core:resource_manager_core	src/Render/DirectX12/DirectX12TextureUploader.cppm
core:render_core_dx12	core:rhi	src/Render/DirectX12/DirectX12TextureUploader.cppm
core:render_core_dx12	core:rhi_dx12	src/Render/DirectX12/DirectX12TextureUploader.cppm
core:render_core_gl	core:render_core	src/Render/OpenGL/OpenGLCore.cppm
core:render_core_gl	core:resource_manager_core	src/Render/OpenGL/OpenGLCore.cppm
core:render_dx12	core:common_DX12_Structs	src/Render/DirectX12/RenderDX12.ixx
core:render_dx12	core:dx12_core	src/Render/DirectX12/RenderDX12.ixx
core:render_dx12	core:render	src/Render/DirectX12/RenderDX12.ixx
core:render_dx12	core:render_core_dx12	src/Render/DirectX12/RenderDX12.ixx
core:render_dx12	core:rhi_dx12	src/Render/DirectX12/RenderDX12.ixx
core:render_frame_view	core:scene	src/Render/Frame/RenderFrameView.cppm
core:render_gl	core:render	src/Render/OpenGL/RenderGL.ixx
core:render_gl	core:render_core_gl	src/Render/OpenGL/RenderGL.ixx
core:render_gl	core:renderer_mesh_gl	src/Render/OpenGL/RenderGL.ixx
core:render_gl	core:rhi_gl	src/Render/OpenGL/RenderGL.ixx
core:render_gpu_memory	core:rhi	src/Render/GpuMemory.cppm
core:render_graph	core:rhi	src/Render/RenderGraph.cppm
core:render_renderer	core:render_frame_view	src/Render/Renderer.cppm
core:render_renderer	core:renderer_dx12	src/Render/Renderer.cppm
core:render_renderer	core:renderer_mesh_gl	src/Render/Renderer.cppm
core:render_renderer	core:renderer_settings	src/Render/Renderer.cppm
core:render_renderer	core:rhi	src/Render/Renderer.cppm
core:render_renderer	core:thread_affinity	src/Render/Renderer.cppm
core:render_scene_extractor	core:render_frame_view	src/Render/Frame/RenderSceneExtractor.cppm
core:render_scene_extractor	core:scene	src/Render/Frame/RenderSceneExtractor.cppm
core:render_scheduler	core:render_command_queue	src/Render/RenderScheduler.cppm
core:renderer_dx12	core:common_DX12_Structs	src/Render/DirectX12/DirectX12Renderer.cppm
core:renderer_dx12	core:debug_draw	src/Render/DirectX12/DirectX12Renderer.cppm
core:renderer_dx12	core:debug_draw_renderer_dx12	src/Render/DirectX12/DirectX12Renderer.cppm
core:renderer_dx12	core:debug_text	src/Render/DirectX12/DirectX12Renderer.cppm
core:renderer_dx12	core:debug_text_renderer_dx12	src/Render/DirectX12/DirectX12Renderer.cppm
core:renderer_dx12	core:file_system	src/Render/DirectX12/DirectX12Renderer.cppm
core:renderer_dx12	core:hash_utils	src/Render/DirectX12/DirectX12Renderer.cppm
core:renderer_dx12	core:math_utils	src/Render/DirectX12/DirectX12Renderer.cppm
core:renderer_dx12	core:mesh	src/Render/DirectX12/DirectX12Renderer.cppm
core:renderer_dx12	core:render_core	src/Render/DirectX12/DirectX12Renderer.cppm
core:renderer_dx12	core:render_frame_view	src/Render/DirectX12/DirectX12Renderer.cppm
core:renderer_dx12	core:render_graph	src/Render/DirectX12/DirectX12Renderer.cppm
core:renderer_dx12	core:renderer_settings	src/Render/DirectX12/DirectX12Renderer.cppm
core:renderer_dx12	core:rhi	src/Render/DirectX12/DirectX12Renderer.cppm
core:renderer_dx12	core:scene	src/Render/DirectX12/DirectX12Renderer.cppm
core:renderer_dx12	core:scene_bridge	src/Render/DirectX12/DirectX12Renderer.cppm
core:renderer_dx12	core:skinned_mesh	src/Render/DirectX12/DirectX12Renderer.cppm
core:renderer_dx12	core:thread_affinity	src/Render/DirectX12/DirectX12Renderer.cppm
core:renderer_dx12	core:visibility	src/Render/DirectX12/DirectX12Renderer.cppm
core:renderer_mesh_gl	core:file_system	src/Render/OpenGL/OpenGLRenderer.cppm
core:renderer_mesh_gl	core:math_utils	src/Render/OpenGL/OpenGLRenderer.cppm
core:renderer_mesh_gl	core:mesh	src/Render/OpenGL/OpenGLRenderer.cppm
core:renderer_mesh_gl	core:render_core	src/Render/OpenGL/OpenGLRenderer.cppm
core:renderer_mesh_gl	core:render_frame_view	src/Render/OpenGL/OpenGLRenderer.cppm
core:renderer_mesh_gl	core:render_graph	src/Render/OpenGL/OpenGLRenderer.cppm
core:renderer_mesh_gl	core:renderer_settings	src/Render/OpenGL/OpenGLRenderer.cppm
core:renderer_mesh_gl	core:rhi	src/Render/OpenGL/OpenGLRenderer.cppm
core:renderer_mesh_gl	core:scene	src/Render/OpenGL/OpenGLRenderer.cppm
core:renderer_mesh_gl	core:visibility	src/Render/OpenGL/OpenGLRenderer.cppm
core:renderer_settings	core:rhi	src/Render/RendererSettings.cppm
core:resource_manager	core:resource_manager_core	src/Assets/ResourceManager.ixx
core:resource_manager	core:resource_manager_mesh	src/Assets/ResourceManager.ixx
core:resource_manager	core:resource_manager_texture	src/Assets/ResourceManager.ixx
core:resource_manager_mesh	core:assimp_loader	src/Assets/ResourceManager_mesh.cppm
core:resource_manager_mesh	core:file_system	src/Assets/ResourceManager_mesh.cppm
core:resource_manager_mesh	core:math_utils	src/Assets/ResourceManager_mesh.cppm
core:resource_manager_mesh	core:mesh	src/Assets/ResourceManager_mesh.cppm
core:resource_manager_mesh	core:obj_loader	src/Assets/ResourceManager_mesh.cppm
core:resource_manager_mesh	core:resource_manager_core	src/Assets/ResourceManager_mesh.cppm
core:resource_manager_mesh	core:string_utils	src/Assets/ResourceManager_mesh.cppm
core:resource_manager_texture	core:resource_manager_core	src/Assets/ResourceManager_texture.cppm
core:rhi_dx12	core:dx12_core	src/Render/DirectX12/DirectX12RHI.cppm
core:rhi_dx12	core:rhi	src/Render/DirectX12/DirectX12RHI.cppm
core:rhi_dx12	core:thread_affinity	src/Render/DirectX12/DirectX12RHI.cppm
core:rhi_gl	core:rhi	src/Render/OpenGL/OpenGLRHI.cppm
core:scene	core:EnTTHelpers	src/Scene/Scene.cppm
core:scene	core:animation_clip	src/Scene/Scene.cppm
core:scene	core:animation_controller	src/Scene/Scene.cppm
core:scene	core:animator	src/Scene/Scene.cppm
core:scene	core:math_utils	src/Scene/Scene.cppm
core:scene	core:resource_manager_mesh	src/Scene/Scene.cppm
core:scene	core:rhi	src/Scene/Scene.cppm
core:scene	core:skinned_mesh	src/Scene/Scene.cppm
core:scene_bridge	core:rhi	src/Render/Scene/SceneBridge.cppm
core:scene_bridge	core:scene	src/Render/Scene/SceneBridge.cppm
core:shader_files	core:file_system	src/Render/Shader/ShaderFiles.cppm
core:shader_files	core:rhi	src/Render/Shader/ShaderFiles.cppm
core:skeleton	core:math_utils	src/Animation/Assets/Skeleton.cppm
core:skinned_mesh	core:animation_clip	src/Render/Model/SkinnedMesh.cppm
core:skinned_mesh	core:math_utils	src/Render/Model/SkinnedMesh.cppm
core:skinned_mesh	core:rhi	src/Render/Model/SkinnedMesh.cppm
core:skinned_mesh	core:skeleton	src/Render/Model/SkinnedMesh.cppm
core:sync	core:rhi	src/Render/Sync.cppm
core:texture_decoder_stb	core:file_system	src/Render/Decoders/TextureDecoderSTB.cppm
core:texture_decoder_stb	core:resource_manager_core	src/Render/Decoders/TextureDecoderSTB.cppm
core:texture_decoder_stb	core:rhi	src/Render/Decoders/TextureDecoderSTB.cppm
core:visibility	core:math_utils	src/Render/Scene/Visibility.cppm
core:visibility	core:resource_manager_mesh	src/Render/Scene/Visibility.cppm
core:visibility	core:skinned_mesh	src/Render/Scene/Visibility.cppm
core:win32_input	core:input	src/Input/Win32Input.cppm
core:win32_input	core:input_core	src/Input/Win32Input.cppm
